{
  "bucket_bounds": [257, 265, 273, 281, 289, 297, 305, 313, 321, 329, 337, 345, 361, 385, 425, 489, 593, 721, 881, 1081, 1321, 1625, 2001, 2441, 2929, 3593, 4329, 5513, 6881, 7305, 8945, 11705, 12321, 15697, 17993, 24849, 619641, 652889],
  "mean_samples": 320,
  "samples_mult": 256,
  "ngram_minn": 2,
  "ngram_maxn": 5,
  "ngram_freq": 70,
  "ngram_dim": 256,
  "ngram_self": "always",
  "ngram_comb": "mean",
  "seq_core": "lstm",
  "lstm_units": [192],
  "att_core":  "none",
  "rdw_loss": false,
  "space_weight": [0.8973535521733319, 1.1291626150883032],
  "token_weight": [23.438712632526787, 0.5108986063867204],
  "sent_weight": [0.5272058928915825, 9.689185629608565],
  "num_epochs": 5,
  "train_optim": "Adam",
  "learn_rate": 0.005
}
