{
  "bucket_bounds": [
    257,
    265,
    273,
    281,
    289,
    297,
    305,
    313,
    321,
    329,
    337,
    345,
    361,
    377,
    409,
    457,
    537,
    657,
    809,
    985,
    1201,
    1481,
    1809,
    2209,
    2673,
    3185,
    3905,
    4993,
    6113,
    7113,
    9465,
    12241,
    15529,
    17921,
    24721,
    656337
  ],
  "mean_samples": 329,
  "samples_mult": 1024,
  "word_mean": 5.514728016340921,
  "word_std": 6.393527976525322,
  "ngram_minn": 2,
  "ngram_maxn": 5,
  "ngram_freq": 50,
  "ngram_dim": 256,
  "ngram_oov": 1,
  "ngram_self": "always",
  "ngram_comb": "sqrtn",
  "space_weight": [
    0.90226746,
    1.12147706
  ],
  "token_weight": [
    0.51398974,
    18.37023312
  ],
  "sentence_weight": [
    0.52727742,
    9.66509113
  ],
  "train_opt": "Adam",
  "learn_rate": 0.05
}
