{
  "bucket_bounds": [
    262,
    268,
    275,
    282,
    289,
    296,
    303,
    310,
    318,
    326,
    336,
    355,
    388,
    476,
    567,
    698,
    856,
    1059,
    1290,
    1563,
    1917,
    2418,
    2937,
    3826,
    4437,
    5389,
    6587,
    8125,
    14492,
    17858,
    24836,
    528258,
    654615
  ],
  "batch_rates": [
    3131.333,
    3061.0,
    2982.667,
    2908.333,
    2837.667,
    2770.333,
    2706.333,
    2645.0,
    2578.0,
    2514.667,
    2439.667,
    2308.667,
    2111.667,
    1720.667,
    1444.0,
    1172.333,
    955.667,
    772.333,
    634.0,
    523.0,
    426.333,
    338.0,
    278.333,
    213.667,
    184.0,
    151.667,
    124.0,
    100.333,
    56.333,
    45.667,
    32.667,
    1.333,
    1.0,
    1.0
  ],
  "batch_mult": 0.082,
  "word_mean": 5.653846445706445,
  "word_std": 6.528609455090112,
  "ngram_minn": 2,
  "ngram_maxn": 5,
  "ngram_itself": "ALWAYS",
  "ngram_dim": 20,
  "ngram_freq": 100,
  "ngram_oov": 1000,
  "ngram_comb": "mean"
}