{
  "bucket_bounds": [257, 265, 273, 281, 289, 297, 305, 313, 321, 329, 337, 345, 361, 377, 409, 457, 529, 641, 785, 945, 1153, 1433, 1729, 2105, 2601, 3089, 3561, 4969, 6249, 7097, 9441, 15473, 17793, 24657, 653617],
  "mean_samples": 327,
  "samples_mult": 256,
  "ngram_minn": 2,
  "ngram_maxn": 5,
  "ngram_freq": 50,
  "ngram_dim": 256,
  "ngram_self": "always",
  "ngram_comb": "mean",
  "seq_core": "lstm",
  "lstm_units": [
    192
  ],
  "rdw_loss": True,
  "space_weight": [
    0.89706192,
    1.12962473
  ],
  "token_weight": [
    0.51266906,
    20.23312132
  ],
  "sentence_weight": [
    0.51867349,
    13.88796023
  ],
  "num_epochs": 5,
  "train_optim": "Adam",
  "learn_rate": 0.005
}
