{
  "bucket_bounds": [
    257,
    265,
    273,
    281,
    289,
    297,
    305,
    313,
    321,
    329,
    337,
    353,
    409,
    497,
    569,
    729,
    905,
    1225,
    1425,
    2185,
    3889
  ],
  "mean_samples": 277,
  "samples_mult": 256,
  "ngram_minn": 2,
  "ngram_maxn": 5,
  "ngram_freq": 50,
  "ngram_dim": 256,
  "ngram_self": "always",
  "ngram_comb": "mean",
  "seq_core": "lstm",
  "lstm_units": [
    192
  ],
  "space_weight": [
    0.89706192,
    1.12962473
  ],
  "token_weight": [
    0.51266906,
    20.23312132
  ],
  "sentence_weight": [
    0.51867349,
    13.88796023
  ],
  "num_epochs": 5,
  "train_optim": "Adam",
  "learn_rate": 0.005
}
